{
  "seed": 20260423,
  "states": 120000,
  "attenuation_power": 1.0,
  "sat_gain": 0.8,
  "grid": {
    "r_steps": 20,
    "w_steps": 20
  },
  "best_abs_F_cont": {
    "r_inner": 0.8,
    "wavelength": 0.3,
    "EXXX_cont": 2.531483779338675,
    "EXYY_cont": -2.5161901109269675,
    "EYXY_cont": -2.507131400001402,
    "EYYX_cont": -2.5169184417187207,
    "F_cont": 10.071723731985765,
    "EXXX_sat": 0.5370870984317394,
    "EXYY_sat": -0.5603021958096406,
    "EYXY_sat": -0.561817842256957,
    "EYYX_sat": -0.5600694031749832,
    "F_sat": 2.21927653967332
  },
  "best_abs_F_sat": {
    "r_inner": 0.8,
    "wavelength": 0.3,
    "EXXX_cont": 2.531483779338675,
    "EXYY_cont": -2.5161901109269675,
    "EYXY_cont": -2.507131400001402,
    "EYYX_cont": -2.5169184417187207,
    "F_cont": 10.071723731985765,
    "EXXX_sat": 0.5370870984317394,
    "EXYY_sat": -0.5603021958096406,
    "EYXY_sat": -0.561817842256957,
    "EYYX_sat": -0.5600694031749832,
    "F_sat": 2.21927653967332
  },
  "offset_drift_best_abs_F_sat": {
    "offset_deg": 0.0,
    "EXXX_cont": 2.531483779338675,
    "EXYY_cont": -2.5161901109269675,
    "EYXY_cont": -2.507131400001402,
    "EYYX_cont": -2.5169184417187207,
    "F_cont": 10.071723731985765,
    "EXXX_sat": 0.5370870984317394,
    "EXYY_sat": -0.5603021958096406,
    "EYXY_sat": -0.561817842256957,
    "EYYX_sat": -0.5600694031749832,
    "F_sat": 2.21927653967332
  }
}