{
  "seed": 20260423,
  "states": 120000,
  "best_abs_F_cont": {
    "r_inner": 0.8,
    "wavelength": 0.3,
    "F_cont": 10.071723731985765,
    "F_sat": 2.21927653967332,
    "F_prs": 2.8110387059934796,
    "EXXX_cont": 2.531483779338675,
    "EXYY_cont": -2.5161901109269675,
    "EYXY_cont": -2.507131400001402,
    "EYYX_cont": -2.5169184417187207,
    "EXXX_sat": 0.5370870984317394,
    "EXYY_sat": -0.5603021958096406,
    "EYXY_sat": -0.561817842256957,
    "EYYX_sat": -0.5600694031749832,
    "EXXX_prs": 0.700465039627844,
    "EXYY_prs": -0.7070693207779337,
    "EYXY_prs": -0.7064345240180367,
    "EYYX_prs": -0.6970698215696652
  },
  "best_abs_F_sat": {
    "r_inner": 0.8,
    "wavelength": 0.3,
    "F_cont": 10.071723731985765,
    "F_sat": 2.21927653967332,
    "F_prs": 2.8110387059934796,
    "EXXX_cont": 2.531483779338675,
    "EXYY_cont": -2.5161901109269675,
    "EYXY_cont": -2.507131400001402,
    "EYYX_cont": -2.5169184417187207,
    "EXXX_sat": 0.5370870984317394,
    "EXYY_sat": -0.5603021958096406,
    "EYXY_sat": -0.561817842256957,
    "EYYX_sat": -0.5600694031749832,
    "EXXX_prs": 0.700465039627844,
    "EXYY_prs": -0.7070693207779337,
    "EYXY_prs": -0.7064345240180367,
    "EYYX_prs": -0.6970698215696652
  },
  "best_abs_F_prs": {
    "r_inner": 0.05,
    "wavelength": 2.0,
    "F_cont": -3.8740602523116743,
    "F_sat": -1.5091660649706602,
    "F_prs": -3.047750100658812,
    "EXXX_cont": -0.9694368712110799,
    "EXYY_cont": 0.9687650899321155,
    "EYXY_cont": 0.967709749685529,
    "EYYX_cont": 0.9681485414829498,
    "EXXX_sat": -0.05601169111130863,
    "EXYY_sat": 0.48472531702084476,
    "EYXY_sat": 0.4841035595971995,
    "EYYX_sat": 0.4843254972413074,
    "EXXX_prs": -0.650735944124106,
    "EXYY_prs": 0.8723412394621259,
    "EYXY_prs": 0.8719601702806116,
    "EYYX_prs": 0.6527127467919689
  },
  "same_point_ruler_compare_at_cont_best": {
    "r_inner": 0.8,
    "wavelength": 0.3,
    "F_cont": 10.071723731985765,
    "F_sat": 2.21927653967332,
    "F_prs": 2.8110387059934796
  }
}