alpha,loss_coarse,joint_pass_coarse,loss_final,joint_pass_final,refine_ran,mu,rho,eta,bw_ghz,f0_rel_err,max_nrmse_y,nit_coarse,nit_final,success_final
0,4.7011167e-12,1,4.7011167e-12,1,0,1.55,2.35,0.08,3e-05,0,1.7249503e-12,120,120,0
0.05,2.4110951e-11,1,2.4110951e-11,1,0,1.55,2.35,0.08,3e-05,1.9323703e-16,1.9782139e-11,120,120,0
0.1,0.18238035,0,0.18238035,0,0,1.5482695,2.3478908,0.081395064,1.8e-05,8.979551e-05,0.182292,8,8,1
0.15,0.18235304,0,0.18235304,0,0,1.548845,2.348592,0.080931368,1.8e-05,8.9904224e-05,0.1822919,11,11,1
0.2,1.0818988e-10,1,1.0818988e-10,1,0,1.55,2.35,0.08,3e-05,3.8647406e-16,7.110094e-11,120,120,0
0.25,4.8568843e-11,1,4.8568843e-11,1,0,1.55,2.35,0.08,3e-05,1.9323703e-16,2.7697618e-11,120,120,0
0.3,3.159236e-11,1,3.159236e-11,1,0,1.55,2.35,0.08,3e-05,1.9323703e-16,2.1331163e-11,120,120,0
0.35,0.18232178,0,0.18232178,0,0,1.5495047,2.3493948,0.08039945,1.8e-05,9.0147055e-05,0.18229178,9,9,1
0.4,0.18231884,0,0.18231884,0,0,1.5495651,2.3494706,0.080349751,1.8e-05,9.0121072e-05,0.18229178,9,9,1