{
  "meta": {
    "suite": "ripple_v6_identifiability_audit",
    "f0_rel_tol": 2.175655514155333e-06,
    "settings": {
      "seed": 2026,
      "maxiter": 90,
      "restarts": 8,
      "profile_points": 9,
      "profile_maxiter": 45,
      "permutation_runs": 5,
      "shape_threshold_x": 0.18,
      "shape_threshold_y": 0.18,
      "r2_min": 0.999,
      "atomic_rho_exponent": 0.35,
      "mri_quad": 0.0,
      "atomic_mode_n": 1,
      "w_f0": 800.0,
      "w_gamma": 400.0,
      "wave_speed": "constant_c",
      "disp_expo_mu": 0.25,
      "disp_expo_rho": 0.25,
      "disp_k_eta": 0.0,
      "c_ref_m_s": 299792458.0,
      "bootstrap_runs": 6,
      "bootstrap_noise_scale": 0.03,
      "bounds_expand": true,
      "out_dir": "artifacts/ripple_v6_identifiability_audit_expanded"
    },
    "bounds": {
      "mu": [
        0.65,
        2.85
      ],
      "rho": [
        1.45,
        3.15
      ],
      "eta": [
        0.005,
        0.22
      ],
      "bw_ghz": [
        1e-05,
        0.00011
      ]
    }
  },
  "best_restart": {
    "restart_id": 2,
    "seed": 21972,
    "loss": 0.00047928799114257904,
    "joint_pass": false,
    "f0_rel_err": 1.7165656759902194e-09,
    "gamma_rel_err": 1.6688417120983165e-16,
    "x": {
      "mu": 1.5507526358202626,
      "rho": 2.3500000115255126,
      "eta": 0.07788230453164902,
      "bw_ghz": 3.0057434429029917e-05
    }
  },
  "multi_restart": {
    "rows": [
      {
        "restart_id": 0,
        "seed": 2026,
        "loss": 0.18232342795824008,
        "joint_pass": false,
        "f0_rel_err": 9.41899947480662e-05,
        "gamma_rel_err": 1.6688417120983165e-16,
        "x": {
          "mu": 1.5505443343249483,
          "rho": 2.3506325334338616,
          "eta": 0.0795877442201491,
          "bw_ghz": 1e-05
        }
      },
      {
        "restart_id": 1,
        "seed": 11999,
        "loss": 0.0026559302327674866,
        "joint_pass": false,
        "f0_rel_err": 3.991591270073127e-08,
        "gamma_rel_err": 0.0,
        "x": {
          "mu": 1.526690774573865,
          "rho": 2.350000268006862,
          "eta": 0.08006742173250808,
          "bw_ghz": 2.9797124571594115e-05
        }
      },
      {
        "restart_id": 2,
        "seed": 21972,
        "loss": 0.00047928799114257904,
        "joint_pass": false,
        "f0_rel_err": 1.7165656759902194e-09,
        "gamma_rel_err": 1.6688417120983165e-16,
        "x": {
          "mu": 1.5507526358202626,
          "rho": 2.3500000115255126,
          "eta": 0.07788230453164902,
          "bw_ghz": 3.0057434429029917e-05
        }
      },
      {
        "restart_id": 3,
        "seed": 31945,
        "loss": 0.04381697660173775,
        "joint_pass": false,
        "f0_rel_err": 3.116159279692646e-07,
        "gamma_rel_err": 1.6688417120983165e-16,
        "x": {
          "mu": 1.5466384943308087,
          "rho": 2.350002092279631,
          "eta": 0.08150935366977188,
          "bw_ghz": 3.860038567646483e-05
        }
      },
      {
        "restart_id": 4,
        "seed": 41918,
        "loss": 0.0007611508782865628,
        "joint_pass": false,
        "f0_rel_err": 1.1479963309122455e-08,
        "gamma_rel_err": 0.0,
        "x": {
          "mu": 1.545293539217454,
          "rho": 2.3500000770797556,
          "eta": 0.07937025577231223,
          "bw_ghz": 3.0067080271809038e-05
        }
      },
      {
        "restart_id": 5,
        "seed": 51891,
        "loss": 0.029003701610285218,
        "joint_pass": false,
        "f0_rel_err": 4.585428507242813e-07,
        "gamma_rel_err": 0.0,
        "x": {
          "mu": 1.5490355483805802,
          "rho": 2.3499969212150096,
          "eta": 0.07998181222985178,
          "bw_ghz": 3.458435357498595e-05
        }
      },
      {
        "restart_id": 6,
        "seed": 61864,
        "loss": 0.0012679721291226926,
        "joint_pass": false,
        "f0_rel_err": 7.376188166712199e-09,
        "gamma_rel_err": 1.6688417120983165e-16,
        "x": {
          "mu": 1.5576013544308926,
          "rho": 2.349999950474167,
          "eta": 0.09025841031144113,
          "bw_ghz": 2.9959410602362937e-05
        }
      },
      {
        "restart_id": 7,
        "seed": 71837,
        "loss": 0.02737341808956792,
        "joint_pass": false,
        "f0_rel_err": 4.7129402459266474e-07,
        "gamma_rel_err": 0.0,
        "x": {
          "mu": 1.551103119353872,
          "rho": 2.3499968356001384,
          "eta": 0.0803869280620544,
          "bw_ghz": 3.4054905836387734e-05
        }
      }
    ],
    "summary": {
      "n_restarts": 8,
      "joint_pass_rate": 0.0,
      "loss_min": 0.00047928799114257904,
      "loss_median": 0.015014674161167703,
      "loss_max": 0.18232342795824008,
      "mu_std": 0.008479204766618651,
      "rho_std": 0.00020937889288726532,
      "eta_std": 0.003579352663386902
    }
  },
  "profile_scans": {
    "mu": {
      "rows": [
        {
          "fixed_value": 0.65,
          "best_loss": 0.1694490594154723,
          "success": true,
          "nit": 45
        },
        {
          "fixed_value": 0.925,
          "best_loss": 0.14572924461869574,
          "success": true,
          "nit": 45
        },
        {
          "fixed_value": 1.2000000000000002,
          "best_loss": 0.13355959647682433,
          "success": true,
          "nit": 45
        },
        {
          "fixed_value": 1.475,
          "best_loss": 0.03270803898723792,
          "success": true,
          "nit": 45
        },
        {
          "fixed_value": 1.75,
          "best_loss": 0.03901893331577956,
          "success": true,
          "nit": 45
        },
        {
          "fixed_value": 2.025,
          "best_loss": 0.028253552560461012,
          "success": true,
          "nit": 45
        },
        {
          "fixed_value": 2.3000000000000003,
          "best_loss": 0.20217576343907603,
          "success": true,
          "nit": 45
        },
        {
          "fixed_value": 2.575,
          "best_loss": 0.20804119142942168,
          "success": true,
          "nit": 45
        },
        {
          "fixed_value": 2.85,
          "best_loss": 0.21337994279738598,
          "success": true,
          "nit": 45
        }
      ],
      "best_loss_min": 0.028253552560461012,
      "best_loss_p10": 0.03181714170188254,
      "best_loss_p90": 0.20910894170301453,
      "dynamic_range": 0.18512639023692495
    },
    "rho": {
      "rows": [
        {
          "fixed_value": 1.45,
          "best_loss": 27.35020472369284,
          "success": true,
          "nit": 45
        },
        {
          "fixed_value": 1.6624999999999999,
          "best_loss": 13.48404691175904,
          "success": true,
          "nit": 45
        },
        {
          "fixed_value": 1.875,
          "best_loss": 5.615563247769582,
          "success": true,
          "nit": 45
        },
        {
          "fixed_value": 2.0875,
          "best_loss": 1.6260576005170144,
          "success": true,
          "nit": 45
        },
        {
          "fixed_value": 2.3,
          "best_loss": 0.22989379285092282,
          "success": true,
          "nit": 45
        },
        {
          "fixed_value": 2.5125,
          "best_loss": 0.617237621014276,
          "success": true,
          "nit": 45
        },
        {
          "fixed_value": 2.7249999999999996,
          "best_loss": 2.2418405660633685,
          "success": true,
          "nit": 45
        },
        {
          "fixed_value": 2.9375,
          "best_loss": 4.729899948040241,
          "success": true,
          "nit": 45
        },
        {
          "fixed_value": 3.15,
          "best_loss": 7.8264236259254405,
          "success": true,
          "nit": 45
        }
      ],
      "best_loss_min": 0.22989379285092282,
      "best_loss_p10": 0.5397688553816054,
      "best_loss_p90": 16.257278474145803,
      "dynamic_range": 27.120310930841917
    },