{
  "seed": 0,
  "samples": 300000,
  "threshold": 0.35,
  "penalty_lambda": 0.03,
  "rows": [
    {
      "model": "linear_only",
      "eta2": 0.0,
      "eta3": 0.0,
      "f": 1.6761512904819411,
      "r": 0.6451525,
      "f_ci95_low": 1.6553713921234616,
      "f_ci95_high": 1.696745065496391,
      "f_seed_sd": 0.0030141461107829988,
      "penalty": 0.0,
      "score": 1.6761512904819411
    },
    {
      "model": "quadratic_only",
      "eta2": 0.8,
      "eta3": 0.0,
      "f": 1.0093381230693312,
      "r": 0.7993716666666667,
      "f_ci95_low": 0.9892860665936564,
      "f_ci95_high": 1.0268516441165105,
      "f_seed_sd": 0.008293936797543554,
      "penalty": 0.024,
      "score": 0.9853381230693312
    },
    {
      "model": "cubic_only",
      "eta2": 0.0,
      "eta3": 0.8,
      "f": 2.9148456705405232,
      "r": 0.4557275,
      "f_ci95_low": 2.902963697153638,
      "f_ci95_high": 2.9244063270358267,
      "f_seed_sd": 0.0023582350304934704,
      "penalty": 0.024,
      "score": 2.890845670540523
    },
    {
      "model": "quadratic_cubic",
      "eta2": 0.8,
      "eta3": 0.8,
      "f": 0.7983221907085778,
      "r": 0.8088500000000001,
      "f_ci95_low": 0.7799045557363206,
      "f_ci95_high": 0.8190869936475956,
      "f_seed_sd": 0.004713029336505547,
      "penalty": 0.048,
      "score": 0.7503221907085778
    }
  ],
  "misalignment_scan": {
    "model": "cubic_only",
    "eta2": 0.0,
    "eta3": 0.8,
    "wave_length": 1.0,
    "delta_x": [
      -0.25,
      -0.24166666666666667,
      -0.23333333333333334,
      -0.225,
      -0.21666666666666667,
      -0.20833333333333334,
      -0.2,
      -0.19166666666666665,
      -0.18333333333333335,
      -0.175,
      -0.16666666666666669,
      -0.15833333333333333,
      -0.15,
      -0.14166666666666666,
      -0.13333333333333333,
      -0.125,
      -0.11666666666666667,
      -0.10833333333333334,
      -0.1,
      -0.09166666666666667,
      -0.08333333333333334,
      -0.07500000000000001,
      -0.06666666666666668,
      -0.05833333333333335,
      -0.04999999999999999,
      -0.04166666666666666,
      -0.033333333333333326,
      -0.024999999999999994,
      -0.016666666666666663,
      -0.008333333333333331,
      0.0,
      0.008333333333333304,
      0.016666666666666663,
      0.025000000000000022,
      0.033333333333333326,
      0.041666666666666685,
      0.04999999999999999,
      0.05833333333333335,
      0.06666666666666665,
      0.07500000000000001,
      0.08333333333333331,
      0.09166666666666667,
      0.09999999999999998,
      0.10833333333333334,
      0.11666666666666664,
      0.125,
      0.1333333333333333,
      0.14166666666666666,
      0.15000000000000002,
      0.15833333333333333,
      0.16666666666666669,
      0.175,
      0.18333333333333335,
      0.19166666666666665,
      0.2,
      0.20833333333333331,
      0.21666666666666667,
      0.22499999999999998,
      0.23333333333333334,
      0.24166666666666664,
      0.25
    ],
    "F": [
      0.003998412641905356,
      0.07986606253394071,
      0.17108441996393842,
      0.38664030445732467,
      0.5961221690438678,
      0.8211920757981173,
      1.1156167847540026,
      1.612227808001303,
      2.426038469842465,
      2.4838467361412833,
      2.530420255780707,
      2.570318599661035,
      2.6080579646127937,
      2.650023041368854,
      2.695680981299116,
      2.752158126985,
      2.829178697064486,
      2.9576376678110914,
      3.174140060992574,
      3.189946504292478,
      3.2048434558627874,
      3.2155015632234143,
      3.2231210558031314,
      3.1242534403730438,
      3.0571864986891932,
      3.0176217068956683,
      2.9908682726836178,
      2.970753905806139,
      2.9543203887713494,
      2.939242386975354,
      2.9148456705405232,
      2.9381801016148685,
      2.9532232399193505,
      2.969129936054117,
      2.9892015248946175,
      3.0167276226641113,
      3.0567243849412034,
      3.1244339355263824,
      3.220917278123763,
      3.2141984329519078,
      3.202712268876163,
      3.188138019475034,
      3.1716537829259845,
      2.9571828745015614,
      2.82866166903034,
      2.750145364615311,
      2.693732484752723,
      2.648094515491995,
      2.6068314699673167,
      2.5696652111900713,
      2.529503505806775,
      2.4814409715748775,
      2.425188731430414,
      1.5963191558026617,
      1.106791014568698,
      0.8146413207174277,
      0.5904236136256442,
      0.3813874594400997,
      0.16250487280747702,
      0.07130575495975176,
      -0.003998412641905356
    ],
    "R": [
      0.42298583333333334,
      0.41449166666666665,
      0.405725,
      0.40754166666666664,
      0.40628250000000005,
      0.4002933333333334,
      0.38980666666666663,
      0.3726925,
      0.3512533333333333,
      0.3511741666666666,
      0.35017333333333334,
      0.34781833333333334,
      0.3434675,
      0.36064916666666663,
      0.37322583333333337,
      0.37816666666666665,
      0.3777825,
      0.36965666666666663,
      0.3559991666666667,
      0.364035,
      0.36904166666666666,
      0.3717616666666667,
      0.3730375,
      0.3960625,
      0.4145108333333333,
      0.42666499999999996,
      0.4352425,
      0.4418183333333333,
      0.4470533333333333,
      0.4515125,
      0.4557275,
      0.4515475,
      0.44704,
      0.44184083333333335,
      0.4352433333333333,
      0.42663249999999997,
      0.41434083333333327,
      0.39572166666666664,
      0.37310583333333336,
      0.37182499999999996,
      0.369085,
      0.36414666666666673,
      0.3559325,
      0.36895833333333333,
      0.37720916666666665,
      0.37797416666666667,
      0.37328916666666667,
      0.36090999999999995,
      0.34308916666666667,
      0.3473141666666666,
      0.3496383333333333,
      0.3508641666666667,
      0.35086249999999997,
      0.3726866666666666,
      0.38975249999999995,
      0.4000933333333333,
      0.4059708333333333,
      0.4073016666666667,
      0.40565,
      0.4144183333333334,
      0.42298583333333334
    ],
    "metrics": {
      "peak_abs_f": 3.2231210558031314,
      "half_width": 0.375,
      "slope_at_zero": -0.06373712162913504
    }
  }
}