{
  "generated_at_utc": "2026-05-01T14:48:52.735953+00:00",
  "config": {
    "eta_ref": 0.08,
    "distance_unit_to_m": 1e-06,
    "eta_min": 0.0,
    "eta_max": 1.0,
    "eta_max_cap": 2.0,
    "eta_steps": 61,
    "mu_min": 0.2,
    "mu_max": 40.0,
    "mu_steps": 121,
    "rho_min": 0.2,
    "rho_max": 30.0,
    "rho_steps": 121,
    "a0": 0.95,
    "a1": 0.45,
    "a2": 0.02,
    "a3": 0.16,
    "a4": 0.02,
    "a5": 0.18,
    "a6": 0.22,
    "w_n": 1.0,
    "w_eta_target": 0.2,
    "w_smooth_mu": 0.2,
    "w_smooth_rho": 0.2,
    "w_smooth_eta": 1.0,
    "w_eta_floor": 0.6,
    "fit_iters": 20,
    "bidirectional": false,
    "w_eta_lowk_shape": 1.0,
    "lowk_k_threshold": 1e-05,
    "lowk_eta_base": 0.003,
    "lowk_eta_span": 0.045,
    "eta_max_overrides": {
      "gaas": 2.5,
      "metalx": 2.8,
      "highnlowk": 3.9
    },
    "batch_size": 64,
    "dtype": "torch.float32"
  },
  "materials": [
    {
      "material": "highnlowk",
      "rows": 7,
      "n_mae": 0.03623533248901367,
      "mu_mean": 3.9430950369153703,
      "rho_mean": 3.676666498184204,
      "eta_mean": 0.0650000050663948
    }
  ],
  "rows": [
    {
      "material": "highnlowk",
      "wavelength_nm": 430.0,
      "n_ref": 3.9,
      "k_ref": 0.0009,
      "x": -0.3484848484848485,
      "eta_target": 0.013150852968515411,
      "mu_fit": 4.179999828338623,
      "rho_fit": 3.676666498184204,
      "eta_fit": 0.0650000050663948,
      "n_model": 3.8319191932678223,
      "n_err": -0.06808090209960938,
      "material_bias": 1.2612429857254028,
      "material_tilt": -0.6741976141929626
    },
    {
      "material": "highnlowk",
      "wavelength_nm": 500.0,
      "n_ref": 3.75,
      "k_ref": 0.0007,
      "x": -0.24242424242424243,
      "eta_target": 0.00879645943005142,
      "mu_fit": 4.179999828338623,
      "rho_fit": 3.676666498184204,
      "eta_fit": 0.0650000050663948,
      "n_model": 3.7546579837799072,
      "n_err": 0.0046579837799072266,
      "material_bias": 1.2612429857254028,
      "material_tilt": -0.6741976141929626
    },
    {
      "material": "highnlowk",
      "wavelength_nm": 580.0,
      "n_ref": 3.6,
      "k_ref": 0.0005,
      "x": -0.12121212121212122,
      "eta_target": 0.005416539057913436,
      "mu_fit": 3.8483331203460693,
      "rho_fit": 3.676666498184204,
      "eta_fit": 0.0650000050663948,
      "n_model": 3.6132235527038574,
      "n_err": 0.013223648071289062,
      "material_bias": 1.2612429857254028,
      "material_tilt": -0.6741976141929626
    },
    {
      "material": "highnlowk",
      "wavelength_nm": 660.0,
      "n_ref": 3.48,
      "k_ref": 0.00038,
      "x": 0.0,
      "eta_target": 0.003617591540497337,
      "mu_fit": 3.8483331203460693,
      "rho_fit": 3.676666498184204,
      "eta_fit": 0.0650000050663948,
      "n_model": 3.5295357704162598,
      "n_err": 0.04953575134277344,
      "material_bias": 1.2612429857254028,
      "material_tilt": -0.6741976141929626
    },
    {
      "material": "highnlowk",
      "wavelength_nm": 760.0,
      "n_ref": 3.38,
      "k_ref": 0.00027,
      "x": 0.15151515151515152,
      "eta_target": 0.0022321842538664317,
      "mu_fit": 3.8483331203460693,
      "rho_fit": 3.676666498184204,
      "eta_fit": 0.0650000050663948,
      "n_model": 3.4281461238861084,
      "n_err": 0.04814600944519043,
      "material_bias": 1.2612429857254028,
      "material_tilt": -0.6741976141929626
    },
    {
      "material": "highnlowk",
      "wavelength_nm": 880.0,
      "n_ref": 3.3,
      "k_ref": 0.00019,
      "x": 0.3333333333333333,
      "eta_target": 0.0013565968276865014,
      "mu_fit": 3.8483331203460693,
      "rho_fit": 3.676666498184204,
      "eta_fit": 0.0650000050663948,
      "n_model": 3.311260461807251,
      "n_err": 0.011260509490966797,
      "material_bias": 1.2612429857254028,
      "material_tilt": -0.6741976141929626
    },
    {
      "material": "highnlowk",
      "wavelength_nm": 1020.0,
      "n_ref": 3.24,
      "k_ref": 0.00013,
      "x": 0.5454545454545454,
      "eta_target": 0.0008007981273856334,
      "mu_fit": 3.8483331203460693,
      "rho_fit": 3.676666498184204,
      "eta_fit": 0.0650000050663948,
      "n_model": 3.181257486343384,
      "n_err": -0.058742523193359375,
      "material_bias": 1.2612429857254028,
      "material_tilt": -0.6741976141929626
    }
  ]
}