{
  "best_legacy": {
    "F": -9.829208541579572,
    "EXXX": -2.4534557626136486,
    "EXYY": 2.461372909745798,
    "EYXY": 2.4543060740058396,
    "EYYX": 2.4600737952142864,
    "F_gated": -3.887547360333054,
    "GXXX": -0.9433850769335667,
    "GXYY": 0.9812057920537365,
    "GYXY": 0.9817063143270294,
    "GYYX": 0.9812501770187215,
    "R_gated": 0.3528695,
    "r_src": 0.8,
    "lambda_w": 1.24
  },
  "best_gated": {
    "F": 3.3479406482972456,
    "EXXX": 0.837742902922127,
    "EXYY": -0.8360050637586761,
    "EYXY": -0.8374559172375916,
    "EYYX": -0.836736764378851,
    "F_gated": 3.998316133442257,
    "GXXX": 0.9983161334422567,
    "GXYY": -1.0,
    "GYXY": -1.0,
    "GYYX": -1.0,
    "R_gated": 0.22894050000000002,
    "r_src": 0.4,
    "lambda_w": 0.1
  },
  "grid_shape": [
    16,
    16
  ],
  "grid_max": 9.733559019982751,
  "grid_min": -9.829208541579572,
  "grid_gated_max": 3.998316133442257,
  "grid_gated_min": -3.991320205481835
}