setting_A,setting_B,C_norm,C_signed_norm,coincidences,singles_A,singles_B
0,0,0.5015077051620463,0.1810035465834523,30040,59779,60020
0,1,0.49663143287761896,0.17869245853085355,29738,59779,59980
1,0,0.4986658774958268,0.1783420793365662,29980,60221,60020
1,1,0.5031748618306914,0.05978331664156853,30241,60221,59980
