wavelength_nm,n_ref,k_ref,eta_target,mu_fit,rho_fit,eta_fit,n_model,n_err
450.0,1.5,1.2e-08,0.16755160819145562,7.846875,2.35,0.08249999999999999,1.5,0.0
500.0,1.495,8e-09,0.10053096491487336,7.742771963468752,2.35,0.075,1.495,0.0
550.0,1.492,5.5e-09,0.06283185307179585,7.6808094447488005,2.35,0.06375,1.492,0.0
600.0,1.49,4e-09,0.041887902047863905,7.6397082155,2.35,0.05625,1.49,0.0
650.0,1.488,3.2e-09,0.03093260458919181,7.5987721617408,2.35,0.052500000000000005,1.488,0.0
