{
  "version": "same-index-quantization-sweep-v4",
  "hdf5": "D:\\workspace\\chain-explosion-model\\data\\17_04_CH_pockel_100kHz.run.completeblind.dat.compressed.build.hdf5",
  "diagnostics": {
    "pair_count": 128016,
    "strict_drop_multi_t": false,
    "multi_event_t_rate": 0.0
  },
  "n_boot": 40,
  "rows": [
    {
      "label": "continuous",
      "levels": 0,
      "S_raw": 1.1176832855605698,
      "S_norm": 2.320814810047326,
      "S_norm_fixedden": 2.2973025185563434,
      "CI95_raw": {
        "mean": 1.1165476683949167,
        "lo": 1.0971303384605215,
        "hi": 1.1384961214940184
      },
      "CI95_norm": {
        "mean": 2.3186075430893625,
        "lo": 2.271876519897015,
        "hi": 2.3695874149943457
      },
      "CI95_norm_fixedden": {
        "mean": 2.2977446860184423,
        "lo": 2.2420030974207963,
        "hi": 2.3305783793990895
      }
    },
    {
      "label": "quant_2",
      "levels": 2,
      "S_raw": 2.297778863489265,
      "S_norm": 2.297778863489265,
      "S_norm_fixedden": 4.713654438004152,
      "CI95_raw": {
        "mean": 2.298944888148286,
        "lo": 2.2678134936615293,
        "hi": 2.3423738211845166
      },
      "CI95_norm": {
        "mean": 2.2976725521267345,
        "lo": 2.254072661077229,
        "hi": 2.3251369157419135
      },
      "CI95_norm_fixedden": {
        "mean": 4.70851301194184,
        "lo": 4.633831665089203,
        "hi": 4.795165395295645
      }
    },
    {
      "label": "quant_3",
      "levels": 3,
      "S_raw": 0.8958336286101858,
      "S_norm": 2.310797685890497,
      "S_norm_fixedden": 1.8397444988023157,
      "CI95_raw": {
        "mean": 0.89709269959157,
        "lo": 0.8796792570670232,
        "hi": 0.9168242147943239
      },
      "CI95_norm": {
        "mean": 2.3062409914433135,
        "lo": 2.26928511211847,
        "hi": 2.344630434411455
      },
      "CI95_norm_fixedden": {
        "mean": 1.8404111882475456,
        "lo": 1.805480401982795,
        "hi": 1.872030576443491
      }
    },
    {
      "label": "quant_4",
      "levels": 4,
      "S_raw": 0.8442733537134401,
      "S_norm": 2.30954998635378,
      "S_norm_fixedden": 1.733992251857637,
      "CI95_raw": {
        "mean": 0.8431274549508551,
        "lo": 0.8286936119777829,
        "hi": 0.8653646255599251
      },
      "CI95_norm": {
        "mean": 2.3042665084973115,
        "lo": 2.279078764366446,
        "hi": 2.334248769673972
      },
      "CI95_norm_fixedden": {
        "mean": 1.7344548567325178,
        "lo": 1.6916253149974936,
        "hi": 1.770073340465973
      }
    },
    {
      "label": "quant_6",
      "levels": 6,
      "S_raw": 1.1341837297245934,
      "S_norm": 2.309958214109803,
      "S_norm_fixedden": 2.329431796493079,
      "CI95_raw": {
        "mean": 1.134035602407732,
        "lo": 1.1151928807755633,
        "hi": 1.156407640231078
      },
      "CI95_norm": {
        "mean": 2.3157858914953358,
        "lo": 2.2843375807976853,
        "hi": 2.346301615262515
      },
      "CI95_norm_fixedden": {
        "mean": 2.3244199457672865,
        "lo": 2.2888365928299272,
        "hi": 2.362242608140093
      }
    },
    {
      "label": "quant_8",
      "levels": 8,
      "S_raw": 0.9319646056204399,
      "S_norm": 2.317158968083822,
      "S_norm_fixedden": 1.9148529765577447,
      "CI95_raw": {
        "mean": 0.9301728618907645,
        "lo": 0.9166743880397905,
        "hi": 0.9487400200115498
      },
      "CI95_norm": {
        "mean": 2.3130245323455516,
        "lo": 2.2720663636542717,
        "hi": 2.3591962857915036
      },
      "CI95_norm_fixedden": {
        "mean": 1.9066205445641864,
        "lo": 1.8596491751359194,
        "hi": 1.943583512075601
      }
    },
    {
      "label": "quant_12",
      "levels": 12,
      "S_raw": 1.1142722382971024,
      "S_norm": 2.314776414085694,
      "S_norm_fixedden": 2.2891921733458025,
      "CI95_raw": {
        "mean": 1.1141810921007007,
        "lo": 1.0941880661224648,
        "hi": 1.1353054563583822
      },
      "CI95_norm": {
        "mean": 2.313183538908249,
        "lo": 2.273927680218838,
        "hi": 2.3602838021587758
      },
      "CI95_norm_fixedden": {
        "mean": 2.286763077879868,
        "lo": 2.2346148794988427,
        "hi": 2.330515996046726
      }
    },
    {
      "label": "quant_16",
      "levels": 16,
      "S_raw": 1.099250064079207,
      "S_norm": 2.316947392763966,
      "S_norm_fixedden": 2.258547639643156,
      "CI95_raw": {
        "mean": 1.0987172448198639,
        "lo": 1.0775679452264246,
        "hi": 1.1220881982843376
      },
      "CI95_norm": {
        "mean": 2.315906548555447,
        "lo": 2.2824749092586223,
        "hi": 2.3547399646040574
      },
      "CI95_norm_fixedden": {
        "mean": 2.263934609168158,
        "lo": 2.21262859208257,
        "hi": 2.311065496047471
      }
    },
    {
      "label": "quant_32",
      "levels": 32,
      "S_raw": 1.1043066098251306,
      "S_norm": 2.3191754234366093,
      "S_norm_fixedden": 2.2695347022549823,
      "CI95_raw": {
        "mean": 1.1025246971175353,
        "lo": 1.0815899234779662,
        "hi": 1.126818797078539
      },
      "CI95_norm": {
        "mean": 2.3228615511282933,
        "lo": 2.2684618305163,
        "hi": 2.360222822696218
      },
      "CI95_norm_fixedden": {
        "mean": 2.2625765046499935,
        "lo": 2.212218413859043,
        "hi": 2.316906534639846
      }
    }
  ],
  "notes": {
    "raw": "continuous raw correlation CHSH-like combination",
    "norm": "local denominator normalized correlation",
    "norm_fixedden": "train/test split fixed denominator normalized correlation"
  }
}