{
  "seed": 20260423,
  "samples": 100000,
  "gate_k": 0.65,
  "coarse_grid": [
    24,
    24
  ],
  "focus_grid": [
    49,
    49
  ],
  "best_by_F_coarse": {
    "r_src": 0.47391304347826085,
    "lambda_w": 1.5869565217391304,
    "F": 4.0,
    "R": 0.262555,
    "D": 1.05022
  },
  "best_by_D_coarse": {
    "r_src": 0.8,
    "lambda_w": 0.1,
    "F": 3.893186549893295,
    "R": 0.35268499999999997,
    "D": 1.3730684983491166
  },
  "best_by_F_focus": {
    "r_src": 0.4,
    "lambda_w": 0.1,
    "F": 3.9978251777498954,
    "R": 0.2298875,
    "D": 0.9190500355499791
  },
  "best_by_D_focus": {
    "r_src": 0.48000000000000004,
    "lambda_w": 0.5229166666666667,
    "F": 3.9933203883495145,
    "R": 0.2652025,
    "D": 1.0590385502912623
  },
  "n_high_F_gt_3_5_and_R_gt_0_5": 0,
  "external_audit": {
    "status": "OK",
    "path": "scripts/explore/ghz_geometric_v5/external_shots_template.json",
    "contexts": {
      "XXX": {
        "n_valid": 1,
        "E": 1.0
      },
      "XYY": {
        "n_valid": 1,
        "E": -1.0
      },
      "YXY": {
        "n_valid": 1,
        "E": -1.0
      },
      "YYX": {
        "n_valid": 1,
        "E": -1.0
      }
    },
    "F": 4.0,
    "R": 0.8,
    "D": 3.2,
    "n_total_audit_contexts": 5,
    "n_valid_triplets": 4,
    "n_ignored_non_audit_contexts": 0
  }
}