{
  "seed": 20260423,
  "samples": 35000,
  "grid": [
    10,
    10,
    61
  ],
  "near_22_5_count": 1,
  "near_23_3_count": 2,
  "near_22_5_topD": {
    "r_src": 0.6333333333333333,
    "lambda_w": 0.7333333333333333,
    "offset_deg": 23.0,
    "F": 2.923070781687475,
    "R": 0.20475714285714283,
    "D": 0.5985196216275225
  },
  "near_23_3_topD": {
    "r_src": 0.7166666666666667,
    "lambda_w": 1.3666666666666667,
    "offset_deg": 24.000000000000004,
    "F": 3.076379599240718,
    "R": 0.2323,
    "D": 0.7146429809036189
  },
  "global_best_F_after_offset_opt": {
    "F": 3.999602583209141,
    "R": 0.20046428571428573,
    "D": 0.8017774749840325,
    "offset_deg": 40.0,
    "r_src": 0.8,
    "lambda_w": 1.788888888888889
  }
}