{
  "seed": 20260423,
  "samples": 60000,
  "grid": [
    14,
    14,
    91
  ],
  "near_22_5_count": 7,
  "near_23_3_count": 6,
  "near_22_5_topD": {
    "r_src": 0.8,
    "lambda_w": 0.39230769230769225,
    "offset_deg": 21.999999999999996,
    "F": 3.8165102800390214,
    "R": 0.3035625,
    "D": 1.1585494018843454
  },
  "near_23_3_topD": {
    "r_src": 0.5115384615384616,
    "lambda_w": 0.8307692307692306,
    "offset_deg": 22.666666666666664,
    "F": 3.771776260632495,
    "R": 0.25445,
    "D": 0.9597284695179384
  },
  "global_best_F_after_offset_opt": {
    "F": 4.0,
    "R": 0.206825,
    "D": 0.8273,
    "offset_deg": 54.66666666666666,
    "r_src": 0.45384615384615384,
    "lambda_w": 0.24615384615384614
  }
}