{
  "seed": 20260423,
  "samples": 90000,
  "grid": [
    18,
    18,
    121
  ],
  "near_22_5_count": 15,
  "near_23_3_count": 13,
  "near_22_5_topD": {
    "r_src": 0.8,
    "lambda_w": 1.2176470588235295,
    "offset_deg": 23.5,
    "F": 3.8677671700742624,
    "R": 0.2975055555555556,
    "D": 1.1506822206924825
  },
  "near_23_3_topD": {
    "r_src": 0.8,
    "lambda_w": 1.2176470588235295,
    "offset_deg": 23.5,
    "F": 3.8677671700742624,
    "R": 0.2975055555555556,
    "D": 1.1506822206924825
  },
  "global_best_F_after_offset_opt": {
    "F": 4.0,
    "R": 0.1947472222222222,
    "D": 0.7789888888888888,
    "offset_deg": 22.5,
    "r_src": 0.2705882352941177,
    "lambda_w": 0.7705882352941176
  }
}