{
  "seed": 20260423,
  "samples": 100000,
  "gate_k": 0.65,
  "grid": [
    24,
    24
  ],
  "best_by_F": {
    "r_src": 0.47391304347826085,
    "lambda_w": 1.5869565217391304,
    "EXXX": 1.0,
    "EXYY": -1.0,
    "EYXY": -1.0,
    "EYYX": -1.0,
    "F": 4.0,
    "R": 0.262555,
    "D": 1.05022
  },
  "best_by_D": {
    "r_src": 0.8,
    "lambda_w": 0.1,
    "EXXX": 0.9649497632521077,
    "EXYY": -0.9765023329023554,
    "EYXY": -0.9764865093461896,
    "EYYX": -0.9752479443926422,
    "F": 3.893186549893295,
    "R": 0.35268499999999997,
    "D": 1.3730684983491166
  },
  "magic_angle_scan": {
    "offset_range_deg": [
      0.0,
      60.0
    ],
    "best_by_F_offset": {
      "offset_rad": 0.0,
      "offset_deg": 0.0,
      "EXXX": 0.9649497632521077,
      "EXYY": -0.9765023329023554,
      "EYXY": -0.9764865093461896,
      "EYYX": -0.9752479443926422,
      "F": 3.893186549893295,
      "R": 0.35268499999999997,
      "D": 1.3730684983491166
    }
  },
  "counts": {
    "n_high_F_gt_3_5_and_R_gt_0_5": 0
  }
}