wavelength_nm,n_ref,k_ref
450,1.00028,0
550,1.00027,0
650,1.00027,0
