wavelength_nm,n_ref,k_ref,mu_fit,rho_fit,eta_fit,n_model,n_err
486.1,1.4631,0.0,7.102769799218079,2.35,0.0,1.4631,0.0
589.3,1.4585,0.0,7.013865476387346,2.35,0.0,1.4585,0.0
656.3,1.4569,0.0,6.983138752041816,2.35,0.0,1.4569,0.0
