{
  "baseline": {
    "si": 0.0189913272857666,
    "sio2": 0.003558380263192313,
    "kdemo": 0.0033273220062255858,
    "gaas": 0.09585833549499512,
    "air": 0.000786284605662028,
    "water": 0.00306093692779541,
    "metalx": 0.049912061010088236,
    "ultralowk": 0.008171405111040388,
    "highnlowk": 0.11059543064662389,
    "midkcurve": 0.057977540152413506
  },
  "total_trials": 24,
  "feasible_trials": 3,
  "best": {
    "trial": "trial_021",
    "feasible": true,
    "nonmono": [],
    "score": 0.25568529367446896,
    "max_mae": 0.11696631567818778,
    "highnlowk_mae": 0.11696631567818778,
    "gaas_mae": 0.09585833549499512,
    "midkcurve_mae": 0.057977540152413506,
    "si_mae": 0.0189913272857666,
    "sio2_mae": 0.003558380263192313,
    "kdemo_mae": 0.0032193660736083984,
    "fit_iters": 12,
    "w_eta_target": 0.2,
    "w_smooth_eta": 1.0,
    "w_eta_floor": 0.25,
    "gaas_cap": 2.0,
    "highn_cap": 4.0
  },
  "top10": [
    {
      "trial": "trial_021",
      "feasible": true,
      "nonmono": [],
      "score": 0.25568529367446896,
      "max_mae": 0.11696631567818778,
      "highnlowk_mae": 0.11696631567818778,
      "gaas_mae": 0.09585833549499512,
      "midkcurve_mae": 0.057977540152413506,
      "si_mae": 0.0189913272857666,
      "sio2_mae": 0.003558380263192313,
      "kdemo_mae": 0.0032193660736083984,
      "fit_iters": 12,
      "w_eta_target": 0.2,
      "w_smooth_eta": 1.0,
      "w_eta_floor": 0.25,
      "gaas_cap": 2.0,
      "highn_cap": 4.0
    },
    {
      "trial": "trial_019",
      "feasible": true,
      "nonmono": [],
      "score": 0.25601138898304526,
      "max_mae": 0.11714747973850795,
      "highnlowk_mae": 0.11714747973850795,
      "gaas_mae": 0.09585833549499512,
      "midkcurve_mae": 0.057977540152413506,
      "si_mae": 0.0189913272857666,
      "sio2_mae": 0.003558380263192313,
      "kdemo_mae": 0.0032193660736083984,
      "fit_iters": 12,
      "w_eta_target": 0.2,
      "w_smooth_eta": 1.0,
      "w_eta_floor": 0.25,
      "gaas_cap": 2.0,
      "highn_cap": 2.0
    },
    {
      "trial": "trial_020",
      "feasible": true,
      "nonmono": [],
      "score": 0.26800910915647236,
      "max_mae": 0.12381287983485631,
      "highnlowk_mae": 0.12381287983485631,
      "gaas_mae": 0.09585833549499512,
      "midkcurve_mae": 0.057977540152413506,
      "si_mae": 0.0189913272857666,
      "sio2_mae": 0.003558380263192313,
      "kdemo_mae": 0.0032193660736083984,
      "fit_iters": 12,
      "w_eta_target": 0.2,
      "w_smooth_eta": 1.0,
      "w_eta_floor": 0.25,
      "gaas_cap": 2.0,
      "highn_cap": 3.0
    },
    {
      "trial": "trial_001",
      "feasible": false,
      "nonmono": [
        "gaas",
        "midkcurve"
      ],
      "score": 0.44654688813856674,
      "max_mae": 0.11081385612487793,
      "highnlowk_mae": 0.11081385612487793,
      "gaas_mae": 0.10216948390007019,
      "midkcurve_mae": 0.05661313874380929,
      "si_mae": 0.025174808502197266,
      "sio2_mae": 0.003558380263192313,
      "kdemo_mae": 0.0032193660736083984,
      "fit_iters": 12,
      "w_eta_target": 0.2,
      "w_smooth_eta": 0.8,
      "w_eta_floor": 0.25,
      "gaas_cap": 2.0,
      "highn_cap": 2.0
    },
    {
      "trial": "trial_007",
      "feasible": false,
      "nonmono": [
        "gaas",
        "midkcurve"
      ],
      "score": 0.44654688813856674,
      "max_mae": 0.11081385612487793,
      "highnlowk_mae": 0.11081385612487793,
      "gaas_mae": 0.10216948390007019,
      "midkcurve_mae": 0.05661313874380929,
      "si_mae": 0.025174808502197266,
      "sio2_mae": 0.003558380263192313,
      "kdemo_mae": 0.0032193660736083984,
      "fit_iters": 12,
      "w_eta_target": 0.2,
      "w_smooth_eta": 0.8,
      "w_eta_floor": 0.35,
      "gaas_cap": 2.0,
      "highn_cap": 2.0
    },
    {
      "trial": "trial_013",
      "feasible": false,
      "nonmono": [
        "gaas",
        "midkcurve"
      ],
      "score": 0.44654688813856674,
      "max_mae": 0.11081385612487793,
      "highnlowk_mae": 0.11081385612487793,
      "gaas_mae": 0.10216948390007019,
      "midkcurve_mae": 0.05661313874380929,
      "si_mae": 0.025174808502197266,
      "sio2_mae": 0.003558380263192313,
      "kdemo_mae": 0.0033273220062255858,
      "fit_iters": 12,
      "w_eta_target": 0.2,
      "w_smooth_eta": 0.8,
      "w_eta_floor": 0.5,
      "gaas_cap": 2.0,
      "highn_cap": 2.0
    },
    {
      "trial": "trial_003",
      "feasible": false,
      "nonmono": [
        "gaas",
        "midkcurve"
      ],
      "score": 0.4558015821235521,
      "max_mae": 0.11595535278320312,
      "highnlowk_mae": 0.11595535278320312,
      "gaas_mae": 0.10216948390007019,
      "midkcurve_mae": 0.05661313874380929,
      "si_mae": 0.025174808502197266,
      "sio2_mae": 0.003558380263192313,
      "kdemo_mae": 0.0032193660736083984,
      "fit_iters": 12,
      "w_eta_target": 0.2,
      "w_smooth_eta": 0.8,
      "w_eta_floor": 0.25,
      "gaas_cap": 2.0,
      "highn_cap": 4.0
    },
    {
      "trial": "trial_009",
      "feasible": false,
      "nonmono": [
        "gaas",
        "midkcurve"
      ],
      "score": 0.4558015821235521,
      "max_mae": 0.11595535278320312,
      "highnlowk_mae": 0.11595535278320312,
      "gaas_mae": 0.10216948390007019,
      "midkcurve_mae": 0.05661313874380929,
      "si_mae": 0.025174808502197266,
      "sio2_mae": 0.003558380263192313,
      "kdemo_mae": 0.0032193660736083984,
      "fit_iters": 12,
      "w_eta_target": 0.2,
      "w_smooth_eta": 0.8,
      "w_eta_floor": 0.35,
      "gaas_cap": 2.0,
      "highn_cap": 4.0
    },
    {
      "trial": "trial_015",
      "feasible": false,
      "nonmono": [
        "gaas",
        "midkcurve"
      ],
      "score": 0.4558015821235521,
      "max_mae": 0.11595535278320312,
      "highnlowk_mae": 0.11595535278320312,
      "gaas_mae": 0.10216948390007019,
      "midkcurve_mae": 0.05661313874380929,
      "si_mae": 0.025174808502197266,
      "sio2_mae": 0.003558380263192313,
      "kdemo_mae": 0.0033273220062255858,
      "fit_iters": 12,
      "w_eta_target": 0.2,
      "w_smooth_eta": 0.8,
      "w_eta_floor": 0.5,
      "gaas_cap": 2.0,
      "highn_cap": 4.0
    },
    {
      "trial": "trial_002",
      "feasible": false,
      "nonmono": [
        "gaas",
        "midkcurve"
      ],
      "score": 0.4565819670047079,
      "max_mae": 0.11638889993940081,
      "highnlowk_mae": 0.11638889993940081,
      "gaas_mae": 0.10216948390007019,
      "midkcurve_mae": 0.05661313874380929,
      "si_mae": 0.025174808502197266,
      "sio2_mae": 0.003558380263192313,
      "kdemo_mae": 0.0032193660736083984,
      "fit_iters": 12,
      "w_eta_target": 0.2,
      "w_smooth_eta": 0.8,
      "w_eta_floor": 0.25,
      "gaas_cap": 2.0,
      "highn_cap": 3.0
    }
  ]
}