{
  "generated_at_utc": "2026-05-01T12:36:05.193115+00:00",
  "input_csv": "artifacts\\ripple_triplet_material_mapping_v7_1_joint\\refine_bidir_w088_20260501\\TRIPLET_MATERIAL_MAPPING_V7_1_JOINT.csv",
  "global": {
    "rows": 25,
    "pearson_eta_vs_k": 0.6046802081271604
  },
  "materials": [
    {
      "material": "gaas",
      "rows": 8,
      "k_nonzero_rows": 8,
      "pearson_eta_vs_k": 0.4423028493098476,
      "eta_monotonic_by_k": false,
      "eta_min": 1.5333333015441895,
      "eta_max": 1.6333333253860474
    },
    {
      "material": "kdemo",
      "rows": 5,
      "k_nonzero_rows": 5,
      "pearson_eta_vs_k": 0.8578969184979102,
      "eta_monotonic_by_k": true,
      "eta_min": 0.01666666753590107,
      "eta_max": 0.03333333507180214
    },
    {
      "material": "si",
      "rows": 5,
      "k_nonzero_rows": 5,
      "pearson_eta_vs_k": 0.9259006389118837,
      "eta_monotonic_by_k": true,
      "eta_min": 0.6936636567115784,
      "eta_max": 1.5381237268447876
    },
    {
      "material": "sio2",
      "rows": 7,
      "k_nonzero_rows": 0,
      "pearson_eta_vs_k": 0.0,
      "eta_monotonic_by_k": true,
      "eta_min": 0.0,
      "eta_max": 0.0
    }
  ]
}