{
  "events_csv": "D:\\workspace\\chain-explosion-model\\data\\nist_completeblind_side_streams.csv",
  "marginals": {
    "A": {
      "A_n": 513702,
      "A_P_setting0": 0.2532732985271617,
      "A_P_outcome_plus": 0.4985224896924676,
      "A_t_min": 219.0,
      "A_t_max": 356464069.0
    },
    "B": {
      "B_n": 531943,
      "B_P_setting0": 0.25309478647148287,
      "B_P_outcome_plus": 0.5033227244272412,
      "B_t_min": 219.0,
      "B_t_max": 356463738.0
    }
  },
  "paired": {
    "strict": {
      "window": 0.0,
      "pair_count": 136632,
      "dt_mean": 0.0,
      "dt_median": 0.0,
      "cell_counts_sample": {
        "(1, 0, 1, 1)": 23606,
        "(1, 0, -1, -1)": 23433,
        "(0, 1, -1, -1)": 22684,
        "(0, 1, 1, 1)": 22482,
        "(0, 0, 1, 1)": 21525,
        "(0, 0, -1, -1)": 21482,
        "(1, 1, -1, -1)": 578,
        "(1, 1, 1, 1)": 506,
        "(1, 1, -1, 1)": 112,
        "(1, 1, 1, -1)": 111,
        "(0, 1, 1, -1)": 30,
        "(1, 0, -1, 1)": 29
      }
    },
    "standard": {
      "window": 15.0,
      "pair_count": 148670,
      "dt_mean": 0.12929979148449586,
      "dt_median": 0.0,
      "cell_counts_sample": {
        "(1, 0, 1, 1)": 23843,
        "(1, 0, -1, -1)": 23713,
        "(0, 1, -1, -1)": 22634,
        "(0, 1, 1, 1)": 22500,
        "(0, 0, 1, 1)": 21281,
        "(0, 0, -1, -1)": 21199,
        "(1, 1, -1, -1)": 3054,
        "(1, 1, 1, 1)": 3025,
        "(1, 1, 1, -1)": 2664,
        "(1, 1, -1, 1)": 2618,
        "(1, 0, -1, 1)": 654,
        "(1, 0, 1, -1)": 632
      }
    }
  },
  "note": "Rough balance only; formal tests need preregistered hypotheses."
}