alpha,loss_coarse,joint_pass_coarse,loss_final,joint_pass_final,refine_ran,mu,rho,eta,bw_ghz,f0_rel_err,max_nrmse_y,nit_coarse,nit_final,success_final
0,8.8008302e-06,1,8.8008302e-06,1,0,1.5500563,2.3500957,0.079919794,2.9999109e-05,0,4.6909761e-06,40,40,0
0.14285714,0.18236129,0,0.18253451,0,1,1.5573122,2.35175,0.078799067,5.3451042e-05,0.00010633917,0.18230272,7,8,1
0.28571429,0.18233032,0,2.9544397e-10,1,1,1.55,2.35,0.079999998,3e-05,2.8985554e-15,1.5530156e-10,9,120,0
0.42857143,0.17597738,0,1.9742269e-12,1,1,1.55,2.35,0.08,3e-05,0,1.017697e-12,12,120,0
0.57142857,0.18231598,0,6.4519835e-12,1,1,1.55,2.35,0.08,3e-05,0,2.9937187e-12,12,120,0
0.71428571,0.0039267893,1,0.0039267893,1,0,1.4362296,2.35,0.077358961,2.9996173e-05,8.4409605e-10,0.0037334807,40,40,0
0.85714286,0.002073254,0,0.18267631,0,1,1.5532744,2.3510899,0.082122278,3.5792432e-05,0.00039736419,0.18229168,40,10,1
1,0.0066618444,1,0.0066618444,1,0,1.7713687,2.35,0.080143783,2.99938e-05,1.5888992e-10,0.0066202141,40,40,0