{
  "seed": 20260423,
  "samples": 220000,
  "gate_k": 0.65,
  "coarse_grid_shape": [
    16,
    16
  ],
  "q1_bootstrap": {
    "ci_map": {
      "0.200000|0.606667": {
        "F_ci95": [
          3.854654805708774,
          3.876547777544301
        ]
      },
      "0.650000|0.353333": {
        "F_ci95": [
          3.7812887939270556,
          3.8014194338792113
        ]
      },
      "0.700000|0.860000": {
        "F_ci95": [
          3.816049110999277,
          3.8328979863691046
        ]
      },
      "0.400000|0.100000": {
        "F_ci95": [
          3.9969762342385624,
          3.999368907799276
        ]
      },
      "0.350000|0.986667": {
        "F_ci95": [
          3.8837340822480995,
          3.9005441315325977
        ]
      },
      "0.300000|0.100000": {
        "F_ci95": [
          -0.764795571617791,
          -0.6961172184279296
        ]
      },
      "0.800000|0.100000": {
        "F_ci95": [
          3.8833723417031396,
          3.8998075008615456
        ]
      },
      "0.100000|0.100000": {
        "F_ci95": [
          3.798174316329243,
          3.8232985176064522
        ]
      },
      "0.500000|1.493333": {
        "F_ci95": [
          3.921708076127259,
          3.931403729755908
        ]
      },
      "0.450000|1.620000": {
        "F_ci95": [
          3.95461062385896,
          3.9669776261816985
        ]
      },
      "0.400000|1.746667": {
        "F_ci95": [
          3.7622791941827183,
          3.7835668589889737
        ]
      },
      "0.800000|0.606667": {
        "F_ci95": [
          3.7896818821374443,
          3.8000736781198263
        ]
      },
      "0.300000|0.733333": {
        "F_ci95": [
          3.9410246437239516,
          3.9478583234667
        ]
      },
      "0.250000|1.620000": {
        "F_ci95": [
          1.8876289023040935,
          1.9428695482930947
        ]
      }
    },
    "f_boot_by_rbin": {
      "0.00-0.20": [
        3.3249879331303154,
        3.6407869463466698,
        3.9488545846696685
      ],
      "0.20-0.35": [
        3.7690465715917765,
        3.86156262251112,
        3.9988041158034244
      ],
      "0.35-0.50": [
        -3.89369797837202,
        -3.2512218845986505,
        3.8906797120775107
      ]
    }
  },
  "q2_cliff_check": {
    "r_min_focus": 0.35,
    "coarse_best_at_focus": {
      "r_src": 0.8,
      "lambda_w": 0.1,
      "F": 3.891523615952107,
      "R": 0.35259090909090907
    },
    "fine_best_at_focus": {
      "r_src": 0.7655000000000001,
      "lambda_w": 0.23500000000000001,
      "F": 3.929450190965305,
      "R": 0.35245227272727275
    },
    "fine_grid_size": [
      41,
      41
    ]
  },
  "q3_third_variable": {
    "corr_R_lambda_w": 0.08023095400401072,
    "corr_R_r_src": 0.6756841509752778,
    "corr_F_lambda_w": -0.04914484872497715,
    "corr_F_r_src": -0.0938293696892614
  },
  "q4_external_alignment": {
    "status": "NO_EXTERNAL_DATA_PROVIDED",
    "note": "Provide --external-f-r-json to compare model R/F with external experiment pipeline."
  }
}