{
  "seed": 20260423,
  "samples": 100000,
  "gate_k": 0.65,
  "coarse_grid_shape": [
    10,
    10
  ],
  "q1_bootstrap": {
    "ci_map": {
      "0.800000|0.311111": {
        "F_ci95": [
          3.5061824491936786,
          3.5302028114111184
        ]
      },
      "0.466667|0.522222": {
        "F_ci95": [
          3.8714937217280325,
          3.9008919363877896
        ]
      },
      "0.383333|0.944444": {
        "F_ci95": [
          3.590566784469917,
          3.6206086179402175
        ]
      },
      "0.383333|1.577778": {
        "F_ci95": [
          3.6155274204997947,
          3.641815937734129
        ]
      },
      "0.633333|0.100000": {
        "F_ci95": [
          3.8327553846235225,
          3.8438450965581454
        ]
      },
      "0.550000|1.366667": {
        "F_ci95": [
          3.4997116609577623,
          3.528847468451622
        ]
      },
      "0.383333|1.788889": {
        "F_ci95": [
          3.569673361675218,
          3.615197609226303
        ]
      },
      "0.300000|0.100000": {
        "F_ci95": [
          -0.7763078901817979,
          -0.6674632118483058
        ]
      },
      "0.300000|1.788889": {
        "F_ci95": [
          2.6532476394427302,
          2.7139699933997976
        ]
      },
      "0.800000|0.100000": {
        "F_ci95": [
          3.8841985450083314,
          3.896456927564648
        ]
      },
      "0.300000|1.577778": {
        "F_ci95": [
          2.061602465873809,
          2.1043934663967376
        ]
      },
      "0.133333|0.522222": {
        "F_ci95": [
          3.274982190948555,
          3.3375783988165115
        ]
      },
      "0.466667|1.577778": {
        "F_ci95": [
          3.989112081508814,
          3.993704811311159
        ]
      },
      "0.300000|0.733333": {
        "F_ci95": [
          3.9359649386246125,
          3.9510271503345464
        ]
      },
      "0.216667|1.577778": {
        "F_ci95": [
          1.7013040741822436,
          1.7877103409419448
        ]
      },
      "0.466667|0.100000": {
        "F_ci95": [
          3.460745749846189,
          3.5013297942314305
        ]
      },
      "0.633333|1.155556": {
        "F_ci95": [
          3.486792335837295,
          3.50722554319425
        ]
      }
    },
    "f_boot_by_rbin": {
      "0.00-0.20": [
        1.7300609946165582,
        2.4901740767145046,
        3.9455343508251506
      ],
      "0.20-0.35": [
        3.4910526443724708,
        3.6240411227621916,
        3.99164694263485
      ],
      "0.35-0.50": [
        -3.792419053116781,
        -3.251691206219861,
        3.896734287264401
      ]
    }
  },
  "q2_cliff_check": {
    "r_min_focus": 0.35,
    "coarse_best_at_focus": {
      "r_src": 0.8,
      "lambda_w": 0.1,
      "F": 3.893186549893295,
      "R": 0.35268499999999997
    },
    "fine_best_at_focus": {
      "r_src": 0.7655000000000001,
      "lambda_w": 0.23500000000000001,
      "F": 3.9298065678240293,
      "R": 0.35245000000000004
    },
    "fine_grid_size": [
      41,
      41
    ]
  },
  "q3_third_variable": {
    "corr_R_lambda_w": 0.06648901594817992,
    "corr_R_r_src": 0.6778679360985719,
    "corr_F_lambda_w": -0.1502912967155839,
    "corr_F_r_src": -0.11763018146383417
  },
  "q4_external_alignment": {
    "status": "NO_EXTERNAL_DATA_PROVIDED",
    "note": "Provide --external-f-r-json to compare model R/F with external experiment pipeline."
  }
}